<?xml version="1.0" encoding="UTF-8"?>
<project-private xmlns="http://www.netbeans.org/ns/project-private/1">
    <editor-bookmarks xmlns="http://www.netbeans.org/ns/editor-bookmarks/2" lastBookmarkId="0"/>
    <open-files xmlns="http://www.netbeans.org/ns/projectui-open-files/2">
        <group>
            <file>file:/home/caio/Documentos/Git4Semestre/4Semestre/DSIS4/Exercicio3/src/ifsp/dsis4/banco/ConexaoBD.java</file>
            <file>file:/home/caio/Documentos/Git4Semestre/4Semestre/DSIS4/Exercicio3/src/ifsp/dsis4/front/JanelaPrincipal.java</file>
            <file>file:/home/caio/Documentos/Git4Semestre/4Semestre/DSIS4/Exercicio3/src/ifsp/dsis4/banco/ControladorBD.java</file>
            <file>file:/home/caio/Documentos/Git4Semestre/4Semestre/DSIS4/Exercicio3/src/ifsp/dsis4/front/Consulta.java</file>
            <file>file:/home/caio/Documentos/Git4Semestre/4Semestre/DSIS4/Exercicio3/src/ifsp/dsis4/main/Main.java</file>
        </group>
    </open-files>
</project-private>
